firstName,lastName,email,zipCode
Carin,Emeline,cemeline0@opensource.org,60745
Tulley,Hadley,thadley1@spiegel.de,66166
Dottie,di Rocca,ddirocca2@dagondesign.com,29874
Ethan,Freeland,efreeland3@opera.com,68615
Regan,Follos,rfollos4@symantec.com,31645
Kai,Baber,kbaber5@statcounter.com,85099
Di,Killerby,dkillerby6@cam.ac.uk,44370
Abramo,Gobeaux,agobeaux7@wp.com,11513
Rena,Busfield,rbusfield8@lycos.com,44626
Giacopo,Loynton,gloynton9@theatlantic.com,46106
Felipe,Walak,fwalaka@newyorker.com,47620
Thea,Fincham,tfinchamb@pagesperso-orange.fr,50338
Katya,Merricks,kmerricksc@sphinn.com,15217
Pam,Blatchford,pblatchfordd@cnbc.com,70296
Coralyn,Sherbrook,csherbrooke@unicef.org,58180
Cassius,Wabb,cwabbf@ibm.com,15743
Ring,Levesque,rlevesqueg@omniture.com,94015
Daniela,MacAskie,dmacaskieh@biblegateway.com,80326
Violetta,Beaford,vbeafordi@answers.com,20963
Leoine,Abrahamson,labrahamsonj@reference.com,45692
Vanni,Glancey,vglanceyk@edublogs.org,39604
Pascale,Sarsfield,psarsfieldl@friendfeed.com,43023
Claudelle,Rignall,crignallm@icio.us,87703
Agatha,Dooland,adoolandn@squarespace.com,69534
Dalton,Meeny,dmeenyo@yahoo.com,79789
Carroll,MacKaig,cmackaigp@reference.com,60049
Patricio,Hundley,phundleyq@csmonitor.com,15213
Catie,Jentgens,cjentgensr@berkeley.edu,20233
Jedediah,Whettleton,jwhettletons@dagondesign.com,47781
Issie,Inworth,iinwortht@deliciousdays.com,89828
Leupold,Scamel,lscamelu@eventbrite.com,99585
Anallese,Mauditt,amaudittv@java.com,49950
Valene,Kenrick,vkenrickw@wsj.com,41766
Aggie,Chree,achreex@symantec.com,69814
Broddy,McDonald,bmcdonaldy@photobucket.com,63564
Agatha,Dict,adictz@jugem.jp,36137
Dulsea,Halsho,dhalsho10@sciencedirect.com,43702
Cordy,Simao,csimao11@eepurl.com,96268
Jens,Sammonds,jsammonds12@unblog.fr,62038
Valdemar,Spadoni,vspadoni13@reddit.com,71446
Arnold,Kenealy,akenealy14@house.gov,49754
Rhys,Langlais,rlanglais15@ibm.com,25497
Celinda,McGraw,cmcgraw16@nsw.gov.au,50070
Germain,Stennine,gstennine17@wufoo.com,47873
Jilly,Ferrieroi,jferrieroi18@java.com,82364
Jacinthe,Klimko,jklimko19@guardian.co.uk,64213
Tades,Bawdon,tbawdon1a@mlb.com,63706
Gertrude,Austin,gaustin1b@deviantart.com,84166
Samaria,Spriddle,sspriddle1c@wikimedia.org,52384
Valina,Tunbridge,vtunbridge1d@apache.org,59841
Desi,Abbay,dabbay1e@intel.com,33985
Dorree,Coulston,dcoulston1f@friendfeed.com,30489
Ursa,Gercken,ugercken1g@princeton.edu,59986
Othilie,Mathon,omathon1h@123-reg.co.uk,64135
Bobinette,Harfoot,bharfoot1i@redcross.org,80434
Linn,Walklot,lwalklot1j@zdnet.com,31761
Raleigh,Whitty,rwhitty1k@mozilla.com,72339
Cornell,Gadault,cgadault1l@soup.io,90075
Pier,Schubuser,pschubuser1m@facebook.com,95135
Chickie,Chmarny,cchmarny1n@ucsd.edu,50465
Jaime,Rusk,jrusk1o@google.ru,69513
Ulises,Papps,upapps1p@prlog.org,30048
Antoinette,McKew,amckew1q@tripod.com,83934
Delphinia,Worstall,dworstall1r@miibeian.gov.cn,99834
Josh,Fittes,jfittes1s@dedecms.com,34274
Del,Wrotchford,dwrotchford1t@cbslocal.com,75320
Lizbeth,Hoyte,lhoyte1u@epa.gov,61403
Anya,Tams,atams1v@istockphoto.com,25579
Cully,Carnier,ccarnier1w@wikispaces.com,99325
Alexi,Petchell,apetchell1x@mozilla.org,23699
Meridel,Jurkiewicz,mjurkiewicz1y@nytimes.com,51576
Gearalt,Cuncarr,gcuncarr1z@geocities.com,94647
Mala,Piken,mpiken20@dailymail.co.uk,99891
Elianora,Tighe,etighe21@unicef.org,52649
Wesley,Valeri,wvaleri22@e-recht24.de,13683
Darnell,Brooksbank,dbrooksbank23@t-online.de,59541
Bradan,Murton,bmurton24@comcast.net,71282
Chelsae,Bault,cbault25@ibm.com,58993
Sacha,Lukianovich,slukianovich26@wikipedia.org,58019
Fredi,Discombe,fdiscombe27@icio.us,59264
Marshall,Marchington,mmarchington28@go.com,81165
Althea,Sprigings,asprigings29@printfriendly.com,55683
Hayward,Michael,hmichael2a@mapquest.com,99553
Bianka,O'Loinn,boloinn2b@cdc.gov,45199
Paquito,Ruck,pruck2c@springer.com,21214
Pepito,Olufsen,polufsen2d@myspace.com,13727
Orren,Hickin,ohickin2e@google.co.jp,21980
Kirby,Weightman,kweightman2f@hugedomains.com,28815
Aimil,O'Coskerry,aocoskerry2g@ucla.edu,67346
Chadwick,Neve,cneve2h@state.tx.us,75984
Malcolm,Philbrook,mphilbrook2i@discuz.net,10518
Avictor,Jaycox,ajaycox2j@timesonline.co.uk,67205
Kin,Work,kwork2k@bravesites.com,54784
Dorree,Stud,dstud2l@usa.gov,77126
Katrinka,Thorius,kthorius2m@squarespace.com,13625
Kyle,Castellone,kcastellone2n@newyorker.com,86345
Claudine,Hofler,chofler2o@zimbio.com,26568
Irvin,Asplen,iasplen2p@live.com,27893
Kareem,Oldrey,koldrey2q@surveymonkey.com,65757
Kaela,Liver,kliver2r@theguardian.com,21158
Maia,Alsop,malsop2s@hexun.com,14207
Janifer,Exroll,jexroll2t@ox.ac.uk,71020
Jacquelin,Laughton,jlaughton2u@amazon.co.uk,81820
Bartholomeo,Tissington,btissington2v@about.me,81460
Serge,Barabich,sbarabich2w@oakley.com,38977
Xylina,Persent,xpersent2x@jimdo.com,29110
Lauryn,Rubert,lrubert2y@amazon.de,37753
Billie,Yate,byate2z@hubpages.com,62835
Adi,Clive,aclive30@etsy.com,70177
Dinny,Dengate,ddengate31@exblog.jp,59692
Terri,Mirando,tmirando32@altervista.org,11189
Mab,Schutze,mschutze33@storify.com,98280
Dorice,Kamall,dkamall34@foxnews.com,51110
Filberto,Hosier,fhosier35@home.pl,73023
Alicia,Cometto,acometto36@nsw.gov.au,16259
Basilio,Willwood,bwillwood37@51.la,43003
Laird,Keer,lkeer38@twitpic.com,56701
Sarena,Di Giacomo,sdigiacomo39@illinois.edu,51358
Lucine,McLaughlan,lmclaughlan3a@mysql.com,63443
Lesya,Gyenes,lgyenes3b@zimbio.com,78357
Lyle,Yosifov,lyosifov3c@bloglovin.com,56104
Peggie,Reader,preader3d@dedecms.com,80871
Wilhelmine,Hullin,whullin3e@jimdo.com,52309
Willabella,Rostron,wrostron3f@nba.com,12059
Roley,Boothebie,rboothebie3g@unblog.fr,57956
Dewie,Iacomettii,diacomettii3h@slideshare.net,60019
Emmit,Blaydes,eblaydes3i@ibm.com,71370
Georgeanna,Flahive,gflahive3j@ucsd.edu,77513
Jesselyn,Ellul,jellul3k@theatlantic.com,53294
Emelda,Milleton,emilleton3l@globo.com,53018
Cliff,Prestage,cprestage3m@acquirethisname.com,69348
Estelle,Roo,eroo3n@surveymonkey.com,81538
Britteny,Boldison,bboldison3o@salon.com,65639
Mickey,Keyes,mkeyes3p@dailymail.co.uk,60338
Der,Shank,dshank3q@reverbnation.com,96066
Daffie,Arnell,darnell3r@squarespace.com,91394
Vivyanne,Shoubridge,vshoubridge3s@reuters.com,23676
Brnaby,Sevior,bsevior3t@home.pl,53621
Reamonn,Thake,rthake3u@homestead.com,42988
Agnesse,Schustl,aschustl3v@wunderground.com,13691
Vasily,Mansel,vmansel3w@redcross.org,16099
Mair,Durbin,mdurbin3x@time.com,25574
Nanni,Ribbens,nribbens3y@plala.or.jp,49603
Westbrooke,Buzza,wbuzza3z@histats.com,51451
Lannie,Pinnocke,lpinnocke40@exblog.jp,20209
Valentin,Perot,vperot41@uiuc.edu,56001
Dalli,Elcocks,delcocks42@fastcompany.com,12967
Monte,Darrel,mdarrel43@bing.com,70882
Alanson,Maciaszek,amaciaszek44@house.gov,35412
Avram,Borg-Bartolo,aborgbartolo45@dell.com,45307
Florian,Overbury,foverbury46@qq.com,68371
Vinson,Gregersen,vgregersen47@rediff.com,85851
Vernon,Loos,vloos48@yellowbook.com,79938
Miriam,O'Flynn,moflynn49@360.cn,73808
Bealle,Valerio,bvalerio4a@hatena.ne.jp,97905
Conchita,Sowman,csowman4b@php.net,71140
Mattheus,Holywell,mholywell4c@ocn.ne.jp,73179
Christoforo,Poynter,cpoynter4d@fema.gov,25763
Irina,Itzcovichch,iitzcovichch4e@hubpages.com,45718
Dallas,Frowing,dfrowing4f@dropbox.com,23367
Gaylord,Stellino,gstellino4g@answers.com,31541
Nestor,Dunphy,ndunphy4h@posterous.com,70628
Valentin,Pearmine,vpearmine4i@cnet.com,44094
Timmie,Sydry,tsydry4j@upenn.edu,22846
Cherilynn,Capun,ccapun4k@nyu.edu,52172
Tish,Bonsul,tbonsul4l@unicef.org,46756
Constance,Avrashin,cavrashin4m@salon.com,30911
Guilbert,Benoiton,gbenoiton4n@ed.gov,90674
Teodoro,Miell,tmiell4o@nytimes.com,83456
Conroy,Hintze,chintze4p@bizjournals.com,68694
Aretha,Capron,acapron4q@weebly.com,94077
Salaidh,Palia,spalia4r@google.fr,23251
Udall,Decruse,udecruse4s@nba.com,86972
Iggie,Beyne,ibeyne4t@surveymonkey.com,95769
Jenna,Toffano,jtoffano4u@ycombinator.com,97278
Tine,Treace,ttreace4v@google.fr,35236
Sabrina,Maycey,smaycey4w@oracle.com,88571
Currie,Petrozzi,cpetrozzi4x@eventbrite.com,45756
Godfry,Carverhill,gcarverhill4y@spiegel.de,11557
Gus,Wilks,gwilks4z@booking.com,94519
Stephannie,Ebbens,sebbens50@webs.com,44976
Tommie,Trench,ttrench51@multiply.com,77157
Conan,Wickersham,cwickersham52@howstuffworks.com,27636
Jacky,Ventura,jventura53@pcworld.com,84224
Leona,Mowett,lmowett54@google.pl,19822
Pris,Corday,pcorday55@youtube.com,66340
Lyssa,Claybourn,lclaybourn56@homestead.com,32512
Bone,Dupree,bdupree57@linkedin.com,34350
Rockey,Pooley,rpooley58@google.pl,35067
Damaris,Deane,ddeane59@oakley.com,34802
Ailsun,Blowers,ablowers5a@networkadvertising.org,30977
Lawrence,Larenson,llarenson5b@sina.com.cn,65029
Tamar,Kausche,tkausche5c@reuters.com,39485
Mercy,Jepensen,mjepensen5d@typepad.com,45442
Glenn,Kynston,gkynston5e@rakuten.co.jp,47402
Morgen,Bevans,mbevans5f@phpbb.com,15870
Marsiella,Sarvar,msarvar5g@unesco.org,52979
Harbert,Wynn,hwynn5h@etsy.com,32316
Lotty,Nutley,lnutley5i@seesaa.net,83576
Cammi,Ubsdale,cubsdale5j@pagesperso-orange.fr,93492
Micaela,Kiljan,mkiljan5k@storify.com,89297
Silvano,Yakovl,syakovl5l@ning.com,34302
Burke,Jakubovitch,bjakubovitch5m@uiuc.edu,32123
Ermin,Pickard,epickard5n@wp.com,19851
Farlee,Minot,fminot5o@desdev.cn,46275
Robby,McNally,rmcnally5p@github.com,29259
Vail,Raxworthy,vraxworthy5q@economist.com,68183
Matt,Melliard,mmelliard5r@yelp.com,49699
Edmund,Blakeden,eblakeden5s@printfriendly.com,11075
Drusilla,Legg,dlegg5t@china.com.cn,62482
Susanetta,Donavan,sdonavan5u@nasa.gov,11607
Sherline,Heavens,sheavens5v@ocn.ne.jp,11000
Jeffie,Hothersall,jhothersall5w@sina.com.cn,43188
Evvie,Rysdale,erysdale5x@usnews.com,77343
Burtie,Dunkley,bdunkley5y@google.nl,55579
Rollie,Bernardot,rbernardot5z@hud.gov,48213
Rora,Baggallay,rbaggallay60@dropbox.com,72365
Wyatt,Danahar,wdanahar61@homestead.com,84348
Emiline,Alleburton,ealleburton62@latimes.com,52550
Abbott,Jebb,ajebb63@go.com,81101
Jeffrey,Kevane,jkevane64@theglobeandmail.com,88639
Julina,McPherson,jmcpherson65@bizjournals.com,53275
Miller,Rooke,mrooke66@opensource.org,93993
Yetta,Bigglestone,ybigglestone67@engadget.com,90098
Missie,Ferrero,mferrero68@woothemes.com,53955
Garik,Hambidge,ghambidge69@t-online.de,61158
Joaquin,Shoulder,jshoulder6a@google.pl,85485
Daryn,Milbank,dmilbank6b@oracle.com,53222
Shirlee,Sim,ssim6c@tripadvisor.com,47504
Helge,Bridgnell,hbridgnell6d@whitehouse.gov,23577
Kalina,Trundler,ktrundler6e@cornell.edu,67275
Jeffry,Luigi,jluigi6f@bizjournals.com,28427
Massimiliano,Hucker,mhucker6g@reference.com,23535
Bertie,Kurton,bkurton6h@telegraph.co.uk,66207
Merry,Pierce,mpierce6i@canalblog.com,30847
Felicity,Affron,faffron6j@patch.com,34415
Claus,Ketton,cketton6k@xrea.com,92845
Herold,Kehri,hkehri6l@dropbox.com,68164
Petunia,Benedict,pbenedict6m@toplist.cz,36007
Jennine,Wyatt,jwyatt6n@google.ca,56050
Franny,Minithorpe,fminithorpe6o@dagondesign.com,77063
Moselle,Lawford,mlawford6p@themeforest.net,79335
Lawry,Jeanenet,ljeanenet6q@scribd.com,91150
Sylvester,Ruddiman,sruddiman6r@livejournal.com,87496
Violetta,Jeckells,vjeckells6s@ibm.com,47922
Herold,Haylock,hhaylock6t@google.de,67618
Wainwright,Dimelow,wdimelow6u@ovh.net,27729
Meredithe,Bettley,mbettley6v@angelfire.com,77570
Shannah,Gadd,sgadd6w@wikimedia.org,13788
Uta,Kowalik,ukowalik6x@etsy.com,37656
Estele,Piscopello,episcopello6y@stumbleupon.com,93504
Brier,Geddes,bgeddes6z@webeden.co.uk,87727
Cliff,Willsmore,cwillsmore70@posterous.com,77467
Cordie,Brandle,cbrandle71@phpbb.com,58946
Keir,Stickels,kstickels72@vistaprint.com,29863
Salem,Argyle,sargyle73@behance.net,38744
Dunc,McParlin,dmcparlin74@scribd.com,39054
Marillin,Van Arsdale,mvanarsdale75@delicious.com,35890
Othelia,Sicily,osicily76@sourceforge.net,73198
Milicent,Mazzilli,mmazzilli77@mtv.com,43316
Stevie,Curgenven,scurgenven78@qq.com,61422
Sally,Tonn,stonn79@merriam-webster.com,53620
Davis,Heino,dheino7a@macromedia.com,59475
Candide,Helliker,chelliker7b@dailymotion.com,40547
Waylan,Rylstone,wrylstone7c@google.co.uk,17895
Jodie,Clubley,jclubley7d@geocities.jp,91846
Renaud,Passo,rpasso7e@discuz.net,23463
Hill,Sapshed,hsapshed7f@booking.com,41933
Wernher,Pollok,wpollok7g@g.co,76653
Tiebout,Knipe,tknipe7h@cnet.com,96868
Livvie,Brunelleschi,lbrunelleschi7i@springer.com,43922
Reider,Outlaw,routlaw7j@photobucket.com,47137
Dolores,Cesconi,dcesconi7k@bigcartel.com,42916
Agretha,Opy,aopy7l@soundcloud.com,12726
Mandy,Matteris,mmatteris7m@nyu.edu,81847
Corenda,Peche,cpeche7n@china.com.cn,91369
Garwood,Blaschke,gblaschke7o@nih.gov,14137
Konrad,Songest,ksongest7p@home.pl,75273
Skye,Chipperfield,schipperfield7q@umich.edu,52732
Lynette,Amberson,lamberson7r@themeforest.net,68403
Meade,Ateridge,materidge7s@earthlink.net,33992
Lynda,Siley,lsiley7t@deliciousdays.com,32135
Domini,Benbough,dbenbough7u@geocities.com,24724
Esdras,Gallon,egallon7v@spiegel.de,10963
Tabbie,Strafford,tstrafford7w@behance.net,15520
Nissie,Cobain,ncobain7x@admin.ch,79559
Rebecka,Scutts,rscutts7y@typepad.com,84293
Gib,Furse,gfurse7z@ask.com,78367
Shelton,Francescotti,sfrancescotti80@usnews.com,14740
Dierdre,Frankcom,dfrankcom81@cpanel.net,93763
Wait,Walwood,wwalwood82@domainmarket.com,92629
Debi,Brabham,dbrabham83@foxnews.com,48346
Tobiah,Culter,tculter84@chron.com,92437
Adore,Salling,asalling85@sakura.ne.jp,15906
Ilysa,Totterdill,itotterdill86@upenn.edu,94254
Vincents,Veazey,vveazey87@ebay.co.uk,78045
Orelie,MacParlan,omacparlan88@webs.com,23852
Olympe,Darbon,odarbon89@twitter.com,20320
Stacee,Badby,sbadby8a@nymag.com,58333
Dot,Porcas,dporcas8b@house.gov,43615
Marsh,Peppett,mpeppett8c@cam.ac.uk,77025
Annie,Tarplee,atarplee8d@cdc.gov,13821
Nertie,Cousins,ncousins8e@netvibes.com,43889
Marlin,Johns,mjohns8f@typepad.com,26536
Gale,Birkhead,gbirkhead8g@unicef.org,96490
Trudi,Crooke,tcrooke8h@github.com,30660
Laural,Keitch,lkeitch8i@imdb.com,44176
Janek,Jean,jjean8j@netvibes.com,32073
Bobette,Klejna,bklejna8k@mail.ru,30375
Marieann,Kegley,mkegley8l@technorati.com,53459
Carmita,Roels,croels8m@flickr.com,51782
Chadwick,Le - Count,clecount8n@friendfeed.com,66776
Saraann,Scandwright,sscandwright8o@yelp.com,23286
Remington,Heister,rheister8p@huffingtonpost.com,50350
Ania,Ord,aord8q@mediafire.com,82211
Rosalia,Forge,rforge8r@miibeian.gov.cn,95597
Carlita,Yellowlees,cyellowlees8s@patch.com,92088
Ruthi,Evitt,revitt8t@spotify.com,31129
Tiffani,Harcourt,tharcourt8u@reuters.com,80714
Aurie,Ahmad,aahmad8v@odnoklassniki.ru,86633
Hortense,Furmage,hfurmage8w@europa.eu,40256
Bethanne,Benoi,bbenoi8x@seattletimes.com,13557
Garner,Struttman,gstruttman8y@elpais.com,27511
Birch,Halbord,bhalbord8z@craigslist.org,28169
Gleda,Clelle,gclelle90@storify.com,21904
Ilaire,Wadsworth,iwadsworth91@tuttocitta.it,69530
Jewelle,Dethloff,jdethloff92@umn.edu,83929
Johnnie,Sinncock,jsinncock93@cmu.edu,71531
Arleen,Tremeer,atremeer94@comsenz.com,83731
Hedwiga,Shrimpton,hshrimpton95@weather.com,10681
Patty,Elliss,pelliss96@ucoz.com,96339
Pincas,Briar,pbriar97@de.vu,19691
Ailene,Tolumello,atolumello98@simplemachines.org,57232
Lodovico,Prosek,lprosek99@fastcompany.com,62493
Shawnee,Cessford,scessford9a@imgur.com,43821
Bertine,Beceril,bbeceril9b@sphinn.com,24537
Virginie,Zecchinii,vzecchinii9c@diigo.com,49413
Tara,McShane,tmcshane9d@networkadvertising.org,87120
Angeline,Francie,afrancie9e@jiathis.com,13026
Bette,Castaner,bcastaner9f@wordpress.com,27518
Luke,Thomassen,lthomassen9g@usa.gov,27682
Dee dee,Behling,dbehling9h@nifty.com,35580
Teresita,Wakeley,twakeley9i@google.com,54079
Nydia,Brome,nbrome9j@yandex.ru,54858
Osgood,Brewster,obrewster9k@blogtalkradio.com,90574
Patrizio,Petranek,ppetranek9l@cargocollective.com,12594
Romain,Maskell,rmaskell9m@cbslocal.com,31854
Anderea,Probets,aprobets9n@state.tx.us,57714
Felisha,Fahrenbacher,ffahrenbacher9o@cdc.gov,36113
Neila,Sotheby,nsotheby9p@desdev.cn,94749
Othilie,Ioannidis,oioannidis9q@wordpress.org,24048
Marissa,Livingstone,mlivingstone9r@google.co.uk,59130
Sally,Tropman,stropman9s@nifty.com,72681
Connie,Bragginton,cbragginton9t@unc.edu,37393
Horten,Milella,hmilella9u@globo.com,25395
Izzy,Twoohy,itwoohy9v@weebly.com,55927
Jared,McElory,jmcelory9w@huffingtonpost.com,16613
Janna,Sennett,jsennett9x@oracle.com,68806
Flo,Duthie,fduthie9y@indiegogo.com,77045
Milli,Gladdifh,mgladdifh9z@zimbio.com,77732
Selle,Chalcot,schalcota0@yellowbook.com,35160
Teddie,Wedmore.,twedmorea1@squidoo.com,37741
Bethina,Belch,bbelcha2@microsoft.com,32736
Jeanne,Thompson,jthompsona3@imdb.com,32029
Loutitia,McGlew,lmcglewa4@sciencedirect.com,24703
Adela,Brice,abricea5@zimbio.com,94215
Maurizia,Wraighte,mwraightea6@wix.com,90787
Linnie,Lilloe,llilloea7@microsoft.com,10592
Del,Portch,dportcha8@amazon.de,25463
Annabela,Paddeley,apaddeleya9@bandcamp.com,19603
Yard,Whittek,ywhittekaa@nifty.com,79812
Corney,Mattaser,cmattaserab@forbes.com,15943
Charlena,Dussy,cdussyac@redcross.org,36112
Moyra,Vanini,mvaniniad@businessweek.com,46851
Ike,Hatchman,ihatchmanae@wikia.com,60667
Redford,Grumbridge,rgrumbridgeaf@angelfire.com,98280
Henry,Oxlade,hoxladeag@cbsnews.com,28455
Binny,Lanston,blanstonah@amazon.co.uk,55854
Roddy,Brownsill,rbrownsillai@feedburner.com,78462
Egbert,Huggens,ehuggensaj@acquirethisname.com,91630
Emylee,Gallimore,egallimoreak@ovh.net,73588
Miran,Tolputt,mtolputtal@taobao.com,88999
Deeyn,Calles,dcallesam@discovery.com,47161
Doria,Hinemoor,dhinemooran@ucla.edu,63819
Jenda,Domerc,jdomercao@utexas.edu,30889
Angelia,Eddowis,aeddowisap@imdb.com,16082
Bellina,Burrel,bburrelaq@usda.gov,50610
Osmond,McAvinchey,omcavincheyar@vimeo.com,43860
Toby,Legrice,tlegriceas@usda.gov,98597
Julietta,Ames,jamesat@wp.com,15564
Raphael,Hembry,rhembryau@mozilla.org,32638
Rhea,Grelka,rgrelkaav@sakura.ne.jp,93804
Rochelle,Edgehill,redgehillaw@unc.edu,59723
Adler,Rossbrook,arossbrookax@aboutads.info,86217
Layne,Sollars,lsollarsay@zimbio.com,31119
Bernete,McGillivrie,bmcgillivrieaz@topsy.com,42304
Whittaker,Kardos,wkardosb0@purevolume.com,28092
Doloritas,Kippen,dkippenb1@hostgator.com,36250
Marcelia,Cotterrill,mcotterrillb2@people.com.cn,80657
Norrie,Laughrey,nlaughreyb3@creativecommons.org,82233
Cam,Edelheid,cedelheidb4@examiner.com,15312
Waldo,Duham,wduhamb5@google.co.jp,53748
Tiphanie,Braz,tbrazb6@gmpg.org,84713
Aidan,Rawdall,arawdallb7@dyndns.org,31683
Wood,Thew,wthewb8@artisteer.com,27513
Letta,Kulvear,lkulvearb9@shutterfly.com,43357
Marnia,Minette,mminetteba@adobe.com,76467
Agnese,Gerb,agerbbb@geocities.com,73751
Zebulen,Longstaff,zlongstaffbc@rakuten.co.jp,54489
Jolee,Meece,jmeecebd@indiegogo.com,24152
Markus,Kalinowsky,mkalinowskybe@imgur.com,45464
Benetta,Beels,bbeelsbf@bbc.co.uk,61840
Cullan,Hesey,cheseybg@usda.gov,30577
Kathie,Preece,kpreecebh@yahoo.co.jp,74230
Noelle,Elcoat,nelcoatbi@timesonline.co.uk,27297
Augustina,Vines,avinesbj@yelp.com,20791
Theodosia,Couthard,tcouthardbk@soup.io,21275
Kinnie,Balsellie,kbalselliebl@ox.ac.uk,76885
Erastus,Hindrich,ehindrichbm@imgur.com,76557
Clementine,Biasio,cbiasiobn@alexa.com,22901
Stephana,Ridings,sridingsbo@gov.uk,27750
Waldemar,Brownill,wbrownillbp@vkontakte.ru,69150
Adolpho,Tack,atackbq@google.com,67911
Adair,Verbeek,averbeekbr@ovh.net,34605
Sheree,McCaughey,smccaugheybs@nbcnews.com,20513
Karmen,McKinn,kmckinnbt@blinklist.com,29264
Katya,Hammerberg,khammerbergbu@bloglines.com,29581
Brennen,Vasquez,bvasquezbv@123-reg.co.uk,29964
Parsifal,Gronauer,pgronauerbw@123-reg.co.uk,67173
Tudor,Rehor,trehorbx@booking.com,50121
Nero,Southerns,nsouthernsby@microsoft.com,95036
Jobie,Jovanovic,jjovanovicbz@dmoz.org,60377
Bevin,Sidle,bsidlec0@google.co.jp,13563
Dulciana,Hoggan,dhogganc1@tripadvisor.com,60571
Ryun,Fillon,rfillonc2@discuz.net,32900
Noel,Crock,ncrockc3@springer.com,16981
Perle,Hold,pholdc4@nationalgeographic.com,96740
Moshe,Haddington,mhaddingtonc5@cisco.com,73305
Ettie,Bwy,ebwyc6@ucla.edu,32120
Den,Livingston,dlivingstonc7@google.co.jp,97018
Anderea,Devlin,adevlinc8@senate.gov,92860
Saudra,Moncreiff,smoncreiffc9@twitter.com,25286
Dal,Mushrow,dmushrowca@archive.org,71713
Auroora,Betancourt,abetancourtcb@parallels.com,82960
Bar,Townby,btownbycc@sciencedaily.com,53118
Urson,Klawi,uklawicd@mayoclinic.com,43462
Kiel,Beswell,kbeswellce@google.ca,79093
Tanney,Tremberth,ttremberthcf@mozilla.org,91774
Caprice,O' Shea,cosheacg@elegantthemes.com,54835
Karon,Patty,kpattych@tinyurl.com,99375
Dorie,Dursley,ddursleyci@cornell.edu,98772
Taddeo,Janaway,tjanawaycj@gov.uk,77052
Colan,Tawn,ctawnck@stumbleupon.com,51366
Gregor,Enstone,genstonecl@admin.ch,90080
Jennica,Edlestone,jedlestonecm@utexas.edu,74421
Joyann,Marishenko,jmarishenkocn@home.pl,49351
Meghann,Byrch,mbyrchco@economist.com,53345
Stavro,Costock,scostockcp@tumblr.com,32917
Zak,Okenden,zokendencq@wikia.com,65841
Sally,Rudall,srudallcr@washington.edu,89100
Cora,Pepis,cpepiscs@storify.com,32881
Caye,Bouzan,cbouzanct@tinyurl.com,82655
Blair,Mellsop,bmellsopcu@photobucket.com,70472
Meggy,Louden,mloudencv@java.com,84181
Annmaria,Dilley,adilleycw@jiathis.com,68276
Wandie,Britch,wbritchcx@ucsd.edu,68905
Pierre,Hatherell,phatherellcy@scribd.com,62116
Cornelle,Artinstall,cartinstallcz@lycos.com,86073
Carlotta,Reeders,creedersd0@sphinn.com,77052
Arin,Sawter,asawterd1@google.de,76517
Husain,Ducaen,hducaend2@vk.com,31246
Michale,Westmarland,mwestmarlandd3@disqus.com,33640
Roanna,Melliard,rmelliardd4@miitbeian.gov.cn,52638
Charmion,Genge,cgenged5@walmart.com,67359
Vasili,Stowers,vstowersd6@harvard.edu,69706
Durward,Robens,drobensd7@sfgate.com,47299
Erina,Demeza,edemezad8@yahoo.com,15869
Chrisse,Redsell,credselld9@yellowbook.com,18138
Kaitlyn,Phateplace,kphateplaceda@accuweather.com,71973
Ewen,Sherwin,esherwindb@dropbox.com,17352
Cyril,Leney,cleneydc@icq.com,22138
Jacklyn,Tyson,jtysondd@netlog.com,37613
Jeannine,Lumsden,jlumsdende@dagondesign.com,10683
Brigit,Chene,bchenedf@w3.org,45094
Marin,Tolefree,mtolefreedg@examiner.com,35744
Darlene,Curtis,dcurtisdh@discovery.com,78759
Lauritz,Navarre,lnavarredi@eventbrite.com,79574
Corney,Toman,ctomandj@youtu.be,61938
Brand,Pactat,bpactatdk@simplemachines.org,47929
Loise,De Mitris,ldemitrisdl@stanford.edu,17371
Katrine,Kyffin,kkyffindm@csmonitor.com,45193
Frank,Isard,fisarddn@multiply.com,85702
Ermin,Astbery,eastberydo@army.mil,71446
Clem,Spruce,csprucedp@diigo.com,79192
Fields,Clarridge,fclarridgedq@chicagotribune.com,47970
Lanae,Helian,lheliandr@ebay.com,34579
Deane,Covendon,dcovendonds@amazon.de,39479
Shannon,Riccione,sriccionedt@example.com,71407
Byrann,Lace,blacedu@plala.or.jp,36435
Meir,Samwayes,msamwayesdv@mozilla.com,73927
Augustus,Drever,adreverdw@eepurl.com,50745
Paulina,Lisciardelli,plisciardellidx@ucoz.com,45578
Antonio,Van Niekerk,avanniekerkdy@salon.com,69634
Ely,Medcraft,emedcraftdz@cpanel.net,66017
Chic,Barkworth,cbarkworthe0@nasa.gov,60943
Bond,Galletly,bgalletlye1@jugem.jp,35173
Evan,Betteriss,ebetterisse2@360.cn,94633
Georgiana,Steane,gsteanee3@phoca.cz,78171
Duke,Goade,dgoadee4@e-recht24.de,37421
Linc,Toun,ltoune5@blog.com,91535
Kerwin,Raoul,kraoule6@nbcnews.com,32324
Shelbi,Karpinski,skarpinskie7@addtoany.com,31613
Keene,Shardlow,kshardlowe8@ehow.com,73689
Rois,Dello,rdelloe9@rakuten.co.jp,26483
Jaimie,Flatley,jflatleyea@irs.gov,25487
Dorri,Patek,dpatekeb@jigsy.com,52917
Mireielle,Edginton,medgintonec@google.ca,88896
Tiff,Atthow,tatthowed@nhs.uk,56751
Wolfgang,Adamovitch,wadamovitchee@bbc.co.uk,83110
Calvin,Kendred,ckendredef@nydailynews.com,69701
Deloris,Coughan,dcoughaneg@admin.ch,56565
Correy,Ternouth,cternoutheh@ebay.com,84273
Bobine,Garahan,bgarahanei@cocolog-nifty.com,74593
Else,Roll,erollej@bravesites.com,27366
Teador,Vallance,tvallanceek@tumblr.com,89010
Zack,Deakins,zdeakinsel@ycombinator.com,17216
Ileane,Grunnell,igrunnellem@rambler.ru,68197
Lilyan,Anchor,lanchoren@apple.com,67106
Salmon,Curme,scurmeeo@blogger.com,85764
Arte,Smalcombe,asmalcombeep@taobao.com,56349
Gigi,Slowey,gsloweyeq@behance.net,57222
Augie,Henricsson,ahenricssoner@cbslocal.com,82932
Gaelan,Dirand,gdirandes@netscape.com,20601
Aguste,Whyberd,awhyberdet@yolasite.com,57585
My,Hanaby,mhanabyeu@cnet.com,10637
Gaston,Barroux,gbarrouxev@alibaba.com,53224
Dahlia,Lavin,dlavinew@admin.ch,95330
Tremaine,Smythin,tsmythinex@craigslist.org,51091
Yuma,Richten,yrichteney@usgs.gov,92065
Lisetta,Cammomile,lcammomileez@ezinearticles.com,98926
Louise,Kilborn,lkilbornf0@ameblo.jp,81127
Pembroke,Schlagh,pschlaghf1@csmonitor.com,86929
Clary,Sproule,csproulef2@cyberchimps.com,31719
Burlie,Duns,bdunsf3@csmonitor.com,89036
Jan,Baker,jbakerf4@buzzfeed.com,91426
Esta,Gayne,egaynef5@drupal.org,41187
Carole,Thiolier,cthiolierf6@dyndns.org,38530
Sharyl,Agent,sagentf7@jugem.jp,10228
Brook,Boreham,bborehamf8@ehow.com,92432
Julienne,Sapp,jsappf9@prnewswire.com,41431
Shanon,Fitt,sfittfa@wikimedia.org,74579
Carmon,Illyes,cillyesfb@whitehouse.gov,47482
Delano,Gerb,dgerbfc@abc.net.au,14514
Mariele,McEvay,mmcevayfd@technorati.com,81701
Robinetta,Sparham,rsparhamfe@photobucket.com,86110
Adriaens,Showell,ashowellff@umich.edu,76862
Rodrigo,Magner,rmagnerfg@freewebs.com,81398
Maren,Margiotta,mmargiottafh@yale.edu,64385
Ginger,Corris,gcorrisfi@china.com.cn,25693
Yard,Pennaman,ypennamanfj@plala.or.jp,68805
Waverley,Chrismas,wchrismasfk@blogtalkradio.com,43063
Roseanna,Dunkerley,rdunkerleyfl@seattletimes.com,66772
Jasen,Hendriks,jhendriksfm@mozilla.org,59308
Joycelin,Klezmski,jklezmskifn@sitemeter.com,66326
Bondie,Johanchon,bjohanchonfo@artisteer.com,27273
Tana,Longhorne,tlonghornefp@buzzfeed.com,98504
Christye,Handscomb,chandscombfq@hhs.gov,16647
Yovonnda,Brookbank,ybrookbankfr@msn.com,82613
Lyda,Echalier,lechalierfs@xrea.com,39593
Gigi,Laneham,glanehamft@google.com.au,74038
Andrea,Rao,araofu@columbia.edu,98800
Frederica,Becerro,fbecerrofv@1und1.de,13325
Lonnard,Golley,lgolleyfw@mac.com,26362
Katharyn,De Lorenzo,kdelorenzofx@simplemachines.org,19002
Celle,Laurisch,claurischfy@ihg.com,92074
Jeffry,Trussell,jtrussellfz@odnoklassniki.ru,24115
Holly,Valentin,hvalenting0@feedburner.com,24462
Kirsti,MacKniely,kmacknielyg1@theatlantic.com,70992
Kirsti,Jones,kjonesg2@msn.com,82436
Leah,Obeney,lobeneyg3@go.com,13195
Cynthia,Mawer,cmawerg4@weebly.com,22988
Carlyle,Gooderham,cgooderhamg5@mysql.com,92050
Angelia,Smaridge,asmaridgeg6@aboutads.info,70181
Waly,McIlwrick,wmcilwrickg7@last.fm,24835
Mitzi,Watkiss,mwatkissg8@mac.com,17029
Brittni,Fairclough,bfaircloughg9@npr.org,99419
Aksel,Jancey,ajanceyga@chron.com,28613
Donetta,Sobtka,dsobtkagb@addthis.com,91400
Verene,Ruter,vrutergc@wired.com,76828
Tabatha,Goodlad,tgoodladgd@foxnews.com,24871
Dion,Crich,dcrichge@mtv.com,49293
Harcourt,Bosward,hboswardgf@youku.com,89204
Curcio,Kingscote,ckingscotegg@examiner.com,80647
Nappy,Greasley,ngreasleygh@bravesites.com,90050
Teri,Lougheed,tlougheedgi@youtube.com,64474
Ellynn,Carlsson,ecarlssongj@nsw.gov.au,50904
Emmett,Fryers,efryersgk@cargocollective.com,88158
Gloriane,Attreed,gattreedgl@ehow.com,89846
Ken,Spreadbury,kspreadburygm@forbes.com,77102
Mill,Christophe,mchristophegn@elpais.com,91845
Carlene,Poppy,cpoppygo@reuters.com,66716
Caroljean,Anstie,canstiegp@hud.gov,72062
Dal,Cordeau,dcordeaugq@prlog.org,70816
Lauren,McSpirron,lmcspirrongr@ning.com,61078
Jose,Boakes,jboakesgs@nymag.com,34414
Morgun,Lapenna,mlapennagt@theatlantic.com,29838
Baxter,Swapp,bswappgu@blinklist.com,95586
Cal,Leat,cleatgv@hud.gov,18281
Sybille,Wimbush,swimbushgw@state.gov,71441
Nissa,Beck,nbeckgx@yelp.com,92131
Marji,Anfossi,manfossigy@jiathis.com,51453
Alfonse,Featherbie,afeatherbiegz@columbia.edu,52758
Webb,Halstead,whalsteadh0@house.gov,80178
April,Jantet,ajanteth1@drupal.org,44943
Earlie,Collingwood,ecollingwoodh2@360.cn,86416
Maxi,Sinisbury,msinisburyh3@t-online.de,40315
Jefferey,Poland,jpolandh4@ifeng.com,14439
Tandie,Bragger,tbraggerh5@barnesandnoble.com,88421
Katya,Geator,kgeatorh6@stumbleupon.com,95534
Tanney,Renzo,trenzoh7@moonfruit.com,83175
Abigale,Rassmann,arassmannh8@pinterest.com,45245
Pedro,Massey,pmasseyh9@dyndns.org,83792
Fons,Nutten,fnuttenha@deliciousdays.com,88261
Robbyn,Fusco,rfuscohb@vinaora.com,33669
Brianna,Zoanetti,bzoanettihc@cdc.gov,61880
Nadean,Abbatt,nabbatthd@opensource.org,88301
Rudd,Critoph,rcritophhe@cyberchimps.com,30093
Alex,Lilly,alillyhf@meetup.com,50947
Xenia,Gareisr,xgareisrhg@google.com.hk,15527
Hyacinthe,Dutt,hdutthh@ucoz.ru,61217
Mandi,Suston,msustonhi@hc360.com,95140
Gualterio,Padginton,gpadgintonhj@amazon.de,38174
Rockey,Wanjek,rwanjekhk@mlb.com,40648
Gratiana,Challener,gchallenerhl@usa.gov,51076
Frants,Landell,flandellhm@about.com,22366
Nial,Ruston,nrustonhn@ezinearticles.com,14484
Beauregard,Dimmick,bdimmickho@ucsd.edu,27396
Chrotoem,Iacobini,ciacobinihp@prlog.org,53079
Blisse,Greasty,bgreastyhq@dell.com,91304
Lorena,Bullivant,lbullivanthr@noaa.gov,21300
Carlie,Pawling,cpawlinghs@indiegogo.com,26668
Kevan,Etherington,ketheringtonht@nps.gov,56821
Skylar,Dosedale,sdosedalehu@ifeng.com,13003
Lucio,Eadington,leadingtonhv@wikipedia.org,55431
Erek,Bettington,ebettingtonhw@163.com,22229
Yetty,Gatland,ygatlandhx@china.com.cn,41387
Sophey,Enticott,senticotthy@skyrock.com,56025
Pepito,Simcock,psimcockhz@nytimes.com,23926
Hayes,Quillinane,hquillinanei0@godaddy.com,73176
Anette,Sprulls,asprullsi1@hexun.com,40489
Karrie,Brabbins,kbrabbinsi2@timesonline.co.uk,26383
Elbertine,Baudry,ebaudryi3@t.co,50971
Elly,Brandrick,ebrandricki4@rakuten.co.jp,59886
Daisi,Fagan,dfagani5@shareasale.com,99936
Janie,Smidmore,jsmidmorei6@mapquest.com,72573
Arvy,Kinkaid,akinkaidi7@yellowpages.com,23217
Hannie,Master,hmasteri8@reference.com,30650
Sherwin,Vayro,svayroi9@theglobeandmail.com,89972
Derby,Westpfel,dwestpfelia@stanford.edu,47051
Malena,Karlicek,mkarlicekib@mediafire.com,94749
Anatola,Baudinot,abaudinotic@npr.org,57682
Dietrich,Smalridge,dsmalridgeid@vk.com,59864
Andras,Cunde,acundeie@thetimes.co.uk,20987
Sammy,Polglase,spolglaseif@miitbeian.gov.cn,71269
Jory,McCamish,jmccamishig@amazon.co.uk,29274
Reinhard,Orrow,rorrowih@hc360.com,48399
Teodora,Whyte,twhyteii@github.com,37842
Ranique,Totaro,rtotaroij@rakuten.co.jp,11228
Donelle,Ayerst,dayerstik@mapy.cz,12669
Jedd,Barnsdale,jbarnsdaleil@shop-pro.jp,27913
Yasmeen,Odney,yodneyim@census.gov,24297
Malissia,Ivanin,mivaninin@blogger.com,47936
Audre,Holliar,aholliario@go.com,93415
Kev,Sima,ksimaip@addtoany.com,62083
Orlando,Pieroni,opieroniiq@exblog.jp,59429
Lamont,Lyfield,llyfieldir@hatena.ne.jp,44688
Rafaellle,Huegett,rhuegettis@quantcast.com,43781
Harold,Bissett,hbissettit@xinhuanet.com,44118
Emylee,Dallander,edallanderiu@joomla.org,14218
Cathrine,Adamiec,cadamieciv@1und1.de,21286
Baxy,Gehrts,bgehrtsiw@topsy.com,99643
Magdalen,Claesens,mclaesensix@springer.com,99558
Rubie,Savary,rsavaryiy@patch.com,42421
Cale,Frith,cfrithiz@tumblr.com,49118
Minor,Hume,mhumej0@icq.com,14930
Phillip,Gerner,pgernerj1@sohu.com,11225
Maxie,Stillmann,mstillmannj2@bbb.org,15515
Melosa,Huggin,mhugginj3@europa.eu,92175
Kamillah,Rummings,krummingsj4@symantec.com,45360
Emyle,Cusiter,ecusiterj5@eventbrite.com,70737
Windy,Elles,wellesj6@intel.com,16707
Anabal,McGow,amcgowj7@rambler.ru,60216
Bradford,Delepine,bdelepinej8@wufoo.com,66163
Norean,Biermatowicz,nbiermatowiczj9@friendfeed.com,22275
Daron,Gatherer,dgathererja@cbsnews.com,28180
Shell,Lemonnier,slemonnierjb@etsy.com,46675
Kit,Robertet,krobertetjc@hhs.gov,25969
Holli,Wain,hwainjd@fema.gov,86818
Jolee,Dangerfield,jdangerfieldje@elpais.com,42331
Maxwell,Leftwich,mleftwichjf@biglobe.ne.jp,42177
Hasheem,Spellsworth,hspellsworthjg@ed.gov,65773
Xerxes,Murtagh,xmurtaghjh@g.co,41923
Abagael,Timeby,atimebyji@gizmodo.com,18305
Cherlyn,Bollans,cbollansjj@goo.ne.jp,79415
Pennie,Layman,playmanjk@mysql.com,83544
Jermaine,Josipovitz,jjosipovitzjl@hao123.com,60948
Mildrid,Berget,mbergetjm@bing.com,69813
Stillmann,Austen,saustenjn@tuttocitta.it,39582
Noelle,Gulliver,ngulliverjo@amazon.co.jp,83847
Sonja,Purcer,spurcerjp@ovh.net,12167
Ernestus,Bengough,ebengoughjq@lulu.com,60099
Joli,Symmers,jsymmersjr@reference.com,60651
Artemas,Thorn,athornjs@squarespace.com,17889
Howie,Klaus,hklausjt@thetimes.co.uk,13905
Verine,Lawles,vlawlesju@bigcartel.com,10489
Maxim,Emblin,memblinjv@imgur.com,23781
Hunfredo,Durban,hdurbanjw@blogspot.com,93155
Woodman,Scamp,wscampjx@howstuffworks.com,37942
Jaine,Claire,jclairejy@linkedin.com,88452
Calvin,Evershed,cevershedjz@cmu.edu,27247
Kristofer,Thumann,kthumannk0@sourceforge.net,31255
Avis,Hindge,ahindgek1@symantec.com,83773
Madeline,Mattinson,mmattinsonk2@wikipedia.org,86946
Irma,Doodney,idoodneyk3@spiegel.de,61439
Naoma,Sellek,nsellekk4@salon.com,78658
Morganne,Lavrinov,mlavrinovk5@eventbrite.com,69251
Ruprecht,Snoxall,rsnoxallk6@sakura.ne.jp,54440
Dee dee,Shall,dshallk7@sciencedaily.com,23806
Gigi,Goldfinch,ggoldfinchk8@surveymonkey.com,48461
Prudence,Ansill,pansillk9@youtu.be,16671
Elna,Pechell,epechellka@marketwatch.com,71566
Angele,Klampk,aklampkkb@webeden.co.uk,54467
Hymie,Leeman,hleemankc@acquirethisname.com,26745
Nate,Howson,nhowsonkd@behance.net,24285
Isidore,Gionettitti,igionettittike@google.pl,12005
Melisent,Cossor,mcossorkf@dyndns.org,43271
Bartie,Fassbindler,bfassbindlerkg@aboutads.info,19286
Bethena,Bedle,bbedlekh@reuters.com,27259
Gwenneth,Lincoln,glincolnki@amazon.de,85978
Gasper,Conaghan,gconaghankj@barnesandnoble.com,27431
Vin,Herkess,vherkesskk@ustream.tv,75581
Andrei,Fairfull,afairfullkl@webeden.co.uk,80192
Rouvin,Rowsel,rrowselkm@bing.com,80224
Eleni,Ilem,eilemkn@yellowbook.com,84402
Brittaney,Klesel,bkleselko@mayoclinic.com,17770
Selia,Cowitz,scowitzkp@europa.eu,92557
Belva,McVaugh,bmcvaughkq@macromedia.com,20831
Stuart,Croyser,scroyserkr@4shared.com,52803
Grove,Pennington,gpenningtonks@google.it,71947
Sibbie,Rallinshaw,srallinshawkt@dedecms.com,50085
Korney,Wedgbrow,kwedgbrowku@home.pl,93372
Kilian,Papes,kpapeskv@webmd.com,33835
Steffen,Weatherdon,sweatherdonkw@disqus.com,52099
Marlene,Orchart,morchartkx@simplemachines.org,88025
Giustino,Mallya,gmallyaky@vistaprint.com,43526
Gertrud,Alleburton,galleburtonkz@illinois.edu,64991
Somerset,Drydale,sdrydalel0@zdnet.com,70879
Eugene,Larkings,elarkingsl1@com.com,60040
Delmer,Keems,dkeemsl2@gizmodo.com,73681
Neal,Byng,nbyngl3@miitbeian.gov.cn,14041
Denys,Phelp,dphelpl4@1688.com,46881
Elise,Hancorn,ehancornl5@alibaba.com,49411
Claude,Plews,cplewsl6@soup.io,90238
Teddie,Bilbrooke,tbilbrookel7@cloudflare.com,10865
Enrico,Kingsman,ekingsmanl8@alexa.com,79315
Uriah,Duprey,udupreyl9@example.com,72842
Tim,Shwenn,tshwennla@furl.net,51978
Rosita,Cobbing,rcobbinglb@wufoo.com,75538
Andee,Stockings,astockingslc@e-recht24.de,22225
Antonino,Gooding,agoodingld@bigcartel.com,66474
Arne,Erbe,aerbele@taobao.com,65910
Hamnet,Strood,hstroodlf@simplemachines.org,40644
Nadeen,Jarratt,njarrattlg@cyberchimps.com,82071
Fletch,Romei,fromeilh@ocn.ne.jp,11949
Chester,Antognozzii,cantognozziili@shop-pro.jp,59396
Temp,Sall,tsalllj@1und1.de,81336
Bradan,Richfield,brichfieldlk@soup.io,14140
Lizbeth,Smyth,lsmythll@amazon.de,61826
Hildagard,Furby,hfurbylm@arizona.edu,63036
Moises,Eldredge,meldredgeln@angelfire.com,73204
Merrie,Dudney,mdudneylo@networksolutions.com,17378
Hussein,Porritt,hporrittlp@github.com,36864
Kirbie,Camilleri,kcamillerilq@cisco.com,23746
Chad,McGirr,cmcgirrlr@hatena.ne.jp,62633
Gaylor,Abbitt,gabbittls@delicious.com,36525
Neron,Dedney,ndedneylt@shinystat.com,67928
Philippa,Faldo,pfaldolu@paypal.com,99837
Harcourt,Dymidowicz,hdymidowiczlv@mit.edu,76328
Bibbye,Gittis,bgittislw@123-reg.co.uk,79205
Lenna,Stapels,lstapelslx@simplemachines.org,82664
Barry,Weine,bweinely@xinhuanet.com,41768
Vera,Jinda,vjindalz@addtoany.com,65977
Jade,Simmings,jsimmingsm0@gravatar.com,87686
Winthrop,Mechell,wmechellm1@multiply.com,48383
Theressa,Burbridge,tburbridgem2@dropbox.com,94505
Chelsie,Sherwyn,csherwynm3@apache.org,19140
Geoff,Norrey,gnorreym4@admin.ch,23157
Christabel,Ciubutaro,cciubutarom5@indiegogo.com,36180
Rosabel,Antonescu,rantonescum6@accuweather.com,35368
Caterina,Cashen,ccashenm7@google.pl,97292
Michel,Bandiera,mbandieram8@friendfeed.com,65877
Raffaello,Gostling,rgostlingm9@columbia.edu,80467
Jacobo,Fleischmann,jfleischmannma@patch.com,78775
Natty,Marcinkowski,nmarcinkowskimb@berkeley.edu,37847
Ike,Ricard,iricardmc@hugedomains.com,32089
Elspeth,Curryer,ecurryermd@xrea.com,74016
Maryjane,Childes,mchildesme@aboutads.info,50143
Sukey,Simonel,ssimonelmf@mapquest.com,92908
Ardelia,Clawsley,aclawsleymg@redcross.org,98957
Papageno,Bladder,pbladdermh@state.tx.us,94511
Bonny,Heyball,bheyballmi@edublogs.org,58012
Cody,Karpets,ckarpetsmj@yale.edu,33810
Staford,Yallop,syallopmk@tinyurl.com,84591
Donavon,Leppingwell,dleppingwellml@shop-pro.jp,26957
Beale,Hallgate,bhallgatemm@goodreads.com,51605
Vinni,Swigg,vswiggmn@barnesandnoble.com,64314
Rudiger,Aldins,raldinsmo@fema.gov,15248
Edward,Pullinger,epullingermp@pagesperso-orange.fr,26684
Ty,Emett,temettmq@wunderground.com,91444
Cosimo,Bittlestone,cbittlestonemr@vistaprint.com,98616
Charlton,Amner,camnerms@vinaora.com,35970
Lotte,Hallock,lhallockmt@trellian.com,50326
Mair,Sandey,msandeymu@ucsd.edu,14407
Gallard,McRobbie,gmcrobbiemv@earthlink.net,43779
Winona,Cantera,wcanteramw@google.cn,60680
Karina,Tommen,ktommenmx@sitemeter.com,70499
Emmet,Misselbrook,emisselbrookmy@vimeo.com,44199
Mayor,Van Dalen,mvandalenmz@hud.gov,37084
Mab,Chiverton,mchivertonn0@wired.com,14583
Patty,Ussher,pusshern1@archive.org,96414
Jeddy,Richardot,jrichardotn2@fc2.com,69104
Grantham,Samways,gsamwaysn3@cargocollective.com,29103
Dreddy,Keddey,dkeddeyn4@unesco.org,80308
Sergio,Jurn,sjurnn5@issuu.com,88558
Lia,Winslade,lwinsladen6@ocn.ne.jp,90739
Jasper,Jaffra,jjaffran7@weibo.com,83734
Davy,Strathearn,dstrathearnn8@uiuc.edu,46335
Selinda,Ansteys,sansteysn9@marriott.com,82243
Justinian,Mounsey,jmounseyna@histats.com,49351
Natal,Weldrick,nweldricknb@census.gov,67571
Sile,Andriuzzi,sandriuzzinc@dyndns.org,60880
Egon,Moncur,emoncurnd@spiegel.de,55470
Mackenzie,Moryson,mmorysonne@t.co,31348
Jackie,De Bruijn,jdebruijnnf@sciencedirect.com,78855
Rupert,O'Halloran,rohalloranng@weather.com,94886
Kitty,Sattin,ksattinnh@github.com,94133
Yul,Hedditch,yhedditchni@unc.edu,82622
Ky,Macoun,kmacounnj@lycos.com,47830
Veriee,Clacson,vclacsonnk@mozilla.com,62499
Brittan,Batram,bbatramnl@adobe.com,45559
Ibbie,Kitchingman,ikitchingmannm@hao123.com,37092
Spike,Kenney,skenneynn@jugem.jp,92513
Casey,Andryunin,candryuninno@shop-pro.jp,42595
Kristine,Witt,kwittnp@wisc.edu,11707
Husain,Lambirth,hlambirthnq@nhs.uk,16882
Jere,Babbe,jbabbenr@shop-pro.jp,42854
Templeton,Osgar,tosgarns@google.co.jp,36174
Garwood,Sains,gsainsnt@hhs.gov,39684
Lanie,Kenewel,lkenewelnu@umn.edu,26926
Lelia,MacCarrane,lmaccarranenv@nytimes.com,52393
Erika,Fright,efrightnw@nih.gov,84788
Vivianna,Stockbridge,vstockbridgenx@quantcast.com,59658
Jordain,Benford,jbenfordny@booking.com,20996
Austine,Broodes,abroodesnz@alibaba.com,22889
Robinson,Klampt,rklampto0@surveymonkey.com,97738
Corbet,Tatterton,ctattertono1@cbsnews.com,49356
Richmond,Saphin,rsaphino2@digg.com,26015
Adriaens,Zimmermanns,azimmermannso3@free.fr,27280
Roxine,Gallyon,rgallyono4@zdnet.com,30321
Bank,Kirsopp,bkirsoppo5@mediafire.com,76805
Caldwell,Sully,csullyo6@sfgate.com,94372
Linoel,Buckam,lbuckamo7@elpais.com,85121
Stephi,Simnett,ssimnetto8@chron.com,43862
Emmaline,Meardon,emeardono9@shareasale.com,13751
Staffard,Ackery,sackeryoa@apple.com,71705
Hal,Muat,hmuatob@pbs.org,20111
Derron,Skain,dskainoc@nifty.com,29984
Randolph,Cauley,rcauleyod@prweb.com,54856
Veriee,Dymidowski,vdymidowskioe@dell.com,13028
Dalenna,Ruppertz,druppertzof@hostgator.com,57623
Lissi,Kenner,lkennerog@networksolutions.com,66472
Shanan,Greger,sgregeroh@jimdo.com,64630
Franzen,Kelshaw,fkelshawoi@multiply.com,57463
Clem,Belloch,cbellochoj@cam.ac.uk,11909
Kata,Forrester,kforresterok@cdc.gov,73119
Wat,Czadla,wczadlaol@nps.gov,15517
Ramsey,Orrock,rorrockom@163.com,20934
Roxine,Riehm,rriehmon@linkedin.com,61947
Sheppard,Ghidini,sghidinioo@woothemes.com,32341
Robinett,Leghorn,rleghornop@diigo.com,15517
Truda,Kruszelnicki,tkruszelnickioq@buzzfeed.com,63856
Janeva,Ranyelld,jranyelldor@geocities.jp,26481
Heinrick,Blazy,hblazyos@ycombinator.com,44556
Beniamino,Jonuzi,bjonuziot@oracle.com,51551
Ric,Lindley,rlindleyou@is.gd,15867
Seth,Brennand,sbrennandov@flickr.com,82586
Laetitia,Yushin,lyushinow@elpais.com,36605
Elise,Brimble,ebrimbleox@washingtonpost.com,55639
Jacky,Moodie,jmoodieoy@elegantthemes.com,45456
Angelita,Dickerline,adickerlineoz@columbia.edu,27983
Thomas,Bediss,tbedissp0@netvibes.com,90202
Raffarty,Lillistone,rlillistonep1@china.com.cn,48063
Tim,Rousby,trousbyp2@ycombinator.com,50276
Osborne,Le Merchant,olemerchantp3@nyu.edu,23331
Ambros,McCollum,amccollump4@sfgate.com,44704
Horace,Manginot,hmanginotp5@mit.edu,10388
Philip,Kleingrub,pkleingrubp6@wordpress.com,63039
Lib,Gaspard,lgaspardp7@arizona.edu,29611
Barris,Judge,bjudgep8@gizmodo.com,34863
Nat,Sparsholt,nsparsholtp9@hexun.com,63730
Katerine,Collinwood,kcollinwoodpa@admin.ch,17577
Angil,Iddenden,aiddendenpb@zimbio.com,79692
Krystyna,Fisby,kfisbypc@tinypic.com,85672
Jammal,Orpyne,jorpynepd@theatlantic.com,99251
Krystyna,Alesio,kalesiope@fda.gov,79951
Earle,Dilke,edilkepf@newsvine.com,99438
Carma,Le Grand,clegrandpg@foxnews.com,58197
Correy,Lukasik,clukasikph@amazon.de,47122
Fey,Fernely,ffernelypi@utexas.edu,43575
Mic,O' Hogan,mohoganpj@flickr.com,19932
Zachariah,Foyster,zfoysterpk@yellowbook.com,36497
Harman,Baike,hbaikepl@si.edu,34846
Kissie,Stiffkins,kstiffkinspm@homestead.com,58830
Lindsay,Arsey,larseypn@soup.io,62962
Tobin,Deevey,tdeeveypo@cnbc.com,46195
Niko,Skipton,nskiptonpp@tiny.cc,53549
Reine,Gosnall,rgosnallpq@myspace.com,86918
Clarinda,Slott,cslottpr@51.la,63273
Imelda,Terron,iterronps@mail.ru,43656
Sarah,Worsfield,sworsfieldpt@angelfire.com,37208
Chantal,Rembrant,crembrantpu@tamu.edu,52669
Erika,Copo,ecopopv@people.com.cn,23696
Darryl,Parlet,dparletpw@histats.com,99269
Reinhold,Ceschi,rceschipx@blog.com,78448
Pearline,Spires,pspirespy@hhs.gov,54420
Alexis,Braund,abraundpz@i2i.jp,66830
Lisette,Sinson,lsinsonq0@eventbrite.com,40045
Beverlie,Mirams,bmiramsq1@mashable.com,36419
Rabi,Cartmel,rcartmelq2@ustream.tv,52435
Hanson,Kemp,hkempq3@networksolutions.com,42585
Candie,O'Lynn,colynnq4@businesswire.com,91093
Falito,Downes,fdownesq5@mashable.com,39690
Ardelis,Bloomfield,abloomfieldq6@newsvine.com,22208
Suzanne,Haggath,shaggathq7@etsy.com,65798
Myrah,Cormack,mcormackq8@barnesandnoble.com,25468
Sterne,Jaine,sjaineq9@sun.com,89231
Valerie,Chander,vchanderqa@devhub.com,53993
Issy,Jelk,ijelkqb@1688.com,70864
Helge,Arendsen,harendsenqc@1und1.de,20339
Nicolette,Liddy,nliddyqd@hostgator.com,34332
Nola,Noble,nnobleqe@google.ca,91220
Ogdon,Mc Corley,omccorleyqf@foxnews.com,62698
Lucine,Towl,ltowlqg@nationalgeographic.com,97372
Odette,Obispo,oobispoqh@1und1.de,61402
Gustav,Jewster,gjewsterqi@foxnews.com,90672
Julia,Bernholt,jbernholtqj@posterous.com,46588
Phaidra,Marriner,pmarrinerqk@oracle.com,80560
Swen,Dolling,sdollingql@ibm.com,81690
Hobart,Tunnicliff,htunnicliffqm@indiatimes.com,71204
Yalonda,Lockhead,ylockheadqn@tmall.com,41481
Annabelle,Mattson,amattsonqo@merriam-webster.com,25068
Reggie,O' Ronan,roronanqp@prlog.org,96379
Yolanda,Matts,ymattsqq@imgur.com,77599
Mag,Carlet,mcarletqr@youtu.be,66791
Kaile,Feavearyear,kfeavearyearqs@list-manage.com,42698
Toby,Kimbling,tkimblingqt@seattletimes.com,50247
Deeann,Stollenbecker,dstollenbeckerqu@nba.com,83722
Constancy,Allcroft,callcroftqv@topsy.com,10161
Xylina,Rushforth,xrushforthqw@hexun.com,58267
Quinn,Lantuffe,qlantuffeqx@last.fm,31192
Mathias,Sharrem,msharremqy@deliciousdays.com,22804
Roda,Cawsy,rcawsyqz@behance.net,60181
Flossie,Landsman,flandsmanr0@yellowpages.com,42569
Miller,McGorley,mmcgorleyr1@wix.com,15331
Wang,Bonnick,wbonnickr2@imgur.com,35375
Perrine,Mastrantone,pmastrantoner3@elpais.com,74076
Erina,Cleen,ecleenr4@goodreads.com,13898
Reube,Bolsover,rbolsoverr5@weebly.com,11619
Gennifer,Winkworth,gwinkworthr6@prlog.org,23168
Jasmin,Cassel,jcasselr7@time.com,70705
Ellswerth,Kimberly,ekimberlyr8@cam.ac.uk,95685
Zenia,Grew,zgrewr9@gnu.org,47426
Salem,Gurrado,sgurradora@soundcloud.com,66476
Belvia,Brownlea,bbrownlearb@yahoo.com,97455
Marilin,Harland,mharlandrc@yandex.ru,11199
Dolley,Iacivelli,diacivellird@rediff.com,70047
Chere,Reuble,creublere@goodreads.com,82236
Darn,Morsom,dmorsomrf@imdb.com,56777
Flo,Burchfield,fburchfieldrg@bloglines.com,65982
Auguste,Corben,acorbenrh@wikia.com,95975
Shayne,Dray,sdrayri@dmoz.org,67146
Tina,O'Moylan,tomoylanrj@google.cn,55031
Moshe,Hanretty,mhanrettyrk@usa.gov,86918
Oran,Donaghie,odonaghierl@howstuffworks.com,32562
Deeyn,Heindrich,dheindrichrm@infoseek.co.jp,78732
Any,Crosoer,acrosoerrn@newsvine.com,20228
Chandal,Bonevant,cbonevantro@cbsnews.com,73794
Sena,Forster,sforsterrp@plala.or.jp,44481
Rhoda,Darco,rdarcorq@elegantthemes.com,17490
Devy,Siemandl,dsiemandlrr@w3.org,21499
